LALA,Myke Towers,1,2023,3,23,1474,48,133716286,48,126,58,14,382,92,C#,Major,71,61,74,7,0,10,4
vampire,Olivia Rodrigo,1,2023,6,30,1397,113,140003974,94,207,91,14,949,138,F,Major,51,32,53,17,0,31,6
Cruel Summer,Taylor Swift,1,2019,8,23,7858,100,800840817,116,207,125,12,548,170,A,Major,55,58,72,11,0,11,15
WHERE SHE GOES,Bad Bunny,1,2023,5,18,3133,50,303236322,84,133,87,15,425,144,A,Minor,65,23,80,14,63,11,6
Columbia,Quevedo,1,2023,7,7,714,43,58149378,25,89,30,13,194,100,F,Major,67,26,71,37,0,11,4
fukumean,Gunna,1,2023,5,15,1096,83,95217315,60,210,48,11,953,130,C#,Minor,85,22,62,12,0,28,9
Super Shy,NewJeans,1,2023,7,7,422,55,58255150,37,202,21,5,168,150,F,Minor,78,52,82,18,0,15,7
As It Was,Harry Styles,1,2022,3,31,23575,130,2513188493,403,198,863,46,,174,F#,Minor,52,66,73,34,0,31,6
Kill Bill,SZA,1,2022,12,8,8109,77,1163093654,183,162,161,12,187,89,G#,Major,64,43,73,5,17,16,4
Cupid - Twin Ver.,Fifty Fifty,1,2023,2,24,2942,77,496795686,91,212,78,6,0,120,B,Minor,78,76,59,43,0,34,3
Like Crazy,Jimin,1,2023,3,24,596,68,363369738,8,104,23,2,29,120,G,Major,63,36,73,0,0,36,4
I Wanna Be Yours,Arctic Monkeys,1,2013,1,1,12859,110,1297026226,24,98,582,2,73,135,,Minor,48,44,42,12,2,11,3
SABOR FRESA,Fuerza Regida,1,2023,6,22,250,26,78300654,16,149,10,5,168,130,G,Minor,79,96,86,9,0,9,9
Last Night,Morgan Wallen,1,2023,1,31,2420,19,429829812,52,107,15,1,325,204,F#,Major,52,52,68,46,0,15,4
Dance The Night (From Barbie The Album),Dua Lipa,1,2023,5,25,2988,101,127408954,0,0,143,38,0,110,B,Minor,67,78,85,2,0,33,5
Rush,Troye Sivan,1,2023,7,13,864,78,22581161,71,135,50,1,294,126,F,Minor,74,35,84,0,0,11,6
Anti-Hero,Taylor Swift,1,2022,10,21,9082,56,999748277,242,142,165,9,310,97,E,Major,64,51,63,12,0,19,5
Blank Space,Taylor Swift,1,2014,1,1,11434,53,1355959075,154,123,410,2,81,96,F,Major,75,57,68,9,0,13,6
Style,Taylor Swift,1,2014,1,1,7830,42,786181836,94,111,151,4,82,95,D,Major,60,48,79,0,0,12,4
TQM,Fuerza Regida,1,2023,5,19,584,28,176553476,16,159,15,6,100,125,F,Minor,79,96,85,27,0,11,6
Angels Like You,Miley Cyrus,1,2020,11,27,3372,19,570515054,65,48,138,1,102,122,F,Major,67,49,64,10,0,10,3
I Ain't Worried,OneRepublic,1,2022,5,13,8431,76,1085685420,241,127,458,37,332,140,,Major,71,82,81,11,0,6,5
Die For You,The Weeknd,1,2016,11,24,2483,59,1647990401,68,21,24,0,259,134,C#,Minor,59,51,52,9,0,15,7
AMARGURA,Karol G,1,2023,2,24,1133,39,153372011,14,71,23,10,176,107,F#,Minor,92,55,70,18,0,15,7
(It Goes Like) Nanana - Edit,Peggy Gou,1,2023,6,15,2259,59,57876440,0,0,109,17,0,130,G,Minor,67,96,88,12,19,8,4
Moonlight,Kali Uchis,1,2023,2,24,2649,42,256483385,67,79,57,1,615,137,G,Minor,64,88,72,51,0,17,5
La Bachata,Manuel Turizo,1,2022,5,26,6804,45,1214083358,139,111,161,15,210,125,G,Minor,84,85,68,58,0,22,4
S91,Karol G,1,2023,7,14,525,41,16011326,34,115,39,6,216,128,,Minor,86,42,72,59,0,9,19
cardigan,Taylor Swift,1,2020,7,24,7923,29,812019557,106,112,142,4,215,130,,Minor,61,53,58,55,0,27,4
Karma,Taylor Swift,1,2022,10,21,3818,23,404562836,37,55,32,0,272,90,G#,Major,64,10,62,7,0,48,7
People,Libianca,1,2022,12,2,3506,56,373199958,105,64,169,8,529,198,A#,Minor,59,71,42,55,0,10,7
Overdrive,Post Malone,1,2023,7,14,410,36,14780425,36,32,31,1,26,140,C#,Major,56,48,73,0,0,35,4
Enchanted (Taylor's Version),Taylor Swift,1,2023,7,7,148,24,39578178,32,93,8,2,5,82,G#,Major,51,22,53,1,0,15,3
Heat Waves,Glass Animals,1,2020,6,28,22543,63,2557975762,386,144,707,28,,81,B,Major,76,53,53,44,0,9,9
golden hour,JVKE,1,2022,7,15,4511,36,751134527,70,58,109,18,230,94,C#,Minor,51,14,59,65,18,25,3
Here With Me,d4vd,1,2022,7,17,3246,23,635412045,94,85,68,1,84,132,E,Major,58,27,48,50,0,12,3
Back To December (Taylor's Version),Taylor Swift,1,2023,7,7,139,17,39228929,16,72,5,0,8,142,D,Major,50,20,64,1,0,12,3
Fast Car,Luke Combs,1,2023,3,24,1446,12,157058870,57,97,35,0,429,98,G#,Major,71,67,60,19,0,12,3
What It Is (Solo Version),Doechii,1,2023,3,17,804,25,95131998,29,76,24,0,162,172,C#,Minor,74,76,76,6,0,10,9
Still With You,Jung Kook,1,2020,6,5,31,39,38411956,2,107,8,0,0,88,C#,Minor,53,34,47,9,0,83,4
Say Yes To Heaven,Lana Del Rey,1,2023,3,17,2000,46,127567540,49,105,63,1,0,100,F#,Minor,49,17,35,71,9,11,3
Snooze,SZA,1,2022,12,9,2839,25,399686758,58,156,42,1,236,143,F,Major,56,39,55,14,0,11,13
Take Two,BTS,1,2023,6,9,674,47,118482347,20,106,25,4,78,93,G,Major,62,57,59,3,0,38,3
Lover,Taylor Swift,1,2012,1,1,8448,23,882831184,160,110,163,0,5,206,G,Major,43,50,55,50,0,15,10
Chemical,Post Malone,1,2023,4,14,2528,39,172825906,56,91,59,3,486,170,D,Major,50,37,90,0,0,12,5
New Jeans,NewJeans,1,2023,7,7,77,35,29562220,8,166,4,4,34,134,E,Minor,81,53,72,51,0,12,5
Primera Cita,Carin Leon,1,2022,4,20,266,27,77309611,6,40,6,6,202,158,A#,Major,54,50,40,61,0,10,6
Dandelions,Ruth B.,1,2017,4,28,3423,21,1116995633,41,100,59,1,32,117,C#,Major,61,45,69,2,0,9,3
Bones,Imagine Dragons,1,2021,3,11,4198,44,838079900,98,108,327,17,153,114,F,Minor,77,65,72,2,0,7,5
Tak Segampang Itu,Anggi Marito,1,2022,12,2,213,6,179659294,7,6,0,0,48,130,F,Major,51,18,44,76,0,11,3
Mine (Taylor's Version),Taylor Swift,1,2023,7,7,99,15,36912123,21,52,6,1,0,121,G,Major,65,49,78,0,0,17,4
No Role Modelz,J. Cole,1,2014,12,9,21164,36,1791000570,80,65,476,0,14,100,A#,Minor,70,47,52,30,0,6,33
Tattoo,Loreen,1,2023,2,25,2988,59,201660859,74,102,145,18,925,150,D#,Minor,55,30,78,24,0,12,8
august,Taylor Swift,1,2020,7,24,7324,22,607123776,25,81,61,1,44,90,F,Major,51,42,61,53,0,9,3
Nonsense,Sabrina Carpenter,1,2022,7,15,2346,27,342897938,69,12,38,8,64,139,G#,Major,74,68,68,3,0,26,4
Por las Noches,Peso Pluma,1,2021,6,11,457,24,330346424,8,116,4,3,2,92,,Major,81,39,60,31,0,7,3
Queencard,(G)I-DLE,1,2023,5,15,451,33,96273746,10,126,7,0,148,130,E,Minor,82,69,83,3,0,27,5
OMG,NewJeans,1,2023,1,2,1783,27,430977451,26,124,15,1,22,127,A,Minor,80,74,77,36,0,11,4
Radio,Lana Del Rey,1,2011,1,1,9389,46,284819874,24,122,282,3,368,150,D,Major,42,20,86,21,0,9,9
505,Arctic Monkeys,1,2007,4,20,13985,25,1217120710,30,80,588,1,1,140,,Major,52,20,85,0,0,7,5
Romantic Homicide,d4vd,1,2022,7,20,2335,23,681583126,82,55,50,0,9,132,F#,Major,56,20,55,45,1,32,3
Those Eyes,New West,1,2019,5,10,1507,14,411747614,24,71,44,1,195,120,E,Major,60,24,35,73,0,31,3
El Gordo Trae El Mando,Chino Pacas,1,2023,1,27,539,21,255932395,7,71,4,2,13,140,G,Minor,74,96,80,18,0,5,5
Mi Bello Angel,Natanael Cano,1,2023,6,30,86,8,31873544,7,76,3,1,93,128,A,Minor,81,90,77,1,0,9,5
Bye,Peso Pluma,1,2023,5,26,324,14,95053634,13,110,8,2,60,122,,Major,78,70,81,57,0,10,5
Locked Out Of Heaven,Bruno Mars,1,2012,12,5,1622,9,1481349984,0,0,356,0,0,144,F,Major,73,87,70,6,0,28,5
Ghost,Justin Bieber,1,2021,3,19,5866,24,1167330737,107,38,95,0,,154,D,Major,61,41,74,21,0,40,6
Under The Influence,Chris Brown,1,2019,10,4,3859,26,929964809,133,181,3,0,,117,A,Minor,73,31,69,6,0,11,4
Gasolina,Daddy Yankee,1,2004,7,13,6457,18,657723613,98,95,453,0,454,96,,Major,86,74,80,33,0,8,6
Enchanted,Taylor Swift,1,2010,1,1,4564,16,621660989,24,101,113,0,40,164,G#,Major,45,24,62,8,0,16,3
Save Your Tears,The Weeknd,1,2020,3,20,12688,13,1591223784,197,115,112,0,200,118,,Major,68,61,82,2,0,50,3
Sure Thing,Miguel,1,2010,5,25,13801,19,950906471,137,125,435,6,285,81,B,Minor,68,51,60,3,0,19,10
Every Breath You Take - Remastered 2003,The Police,1,1983,1,6,22439,19,1593270737,211,74,929,0,129,117,C#,Major,82,73,45,54,0,7,3
The Night We Met,Lord Huron,1,2015,2,2,18515,35,1410088830,70,82,939,1,162,174,D,Major,45,10,37,97,25,64,4
When I Was Your Man,Bruno Mars,1,2012,12,5,2420,11,1661187319,0,0,806,0,0,145,,Major,60,43,27,94,0,14,4
Let Me Down Slowly,Alec Benjamin,1,2018,5,25,5897,19,1374581173,0,0,885,0,0,150,C#,Minor,65,51,55,73,0,14,3
Reminder,The Weeknd,1,2016,11,25,6518,17,684675814,45,85,238,1,47,160,G#,Major,71,40,50,16,0,16,22
SNAP,Rosa Linn,1,2022,3,19,3202,18,726307468,148,80,226,24,0,170,,Major,56,53,64,11,0,45,6
Night Changes,One Direction,1,2014,11,17,7124,18,1131090940,60,20,2,0,,120,G#,Major,67,40,52,86,0,12,4
Car's Outside,James Arthur,1,2019,10,18,794,10,265882712,38,25,61,0,263,150,A,Major,34,24,56,4,0,11,3
Apocalypse,Cigarettes After Sex,1,2017,3,21,13091,17,841749534,61,96,790,2,116,94,F,Major,37,17,47,2,46,11,3
Cheques,Shubh,1,2023,5,19,67,8,47956378,7,10,0,0,57,90,E,Minor,74,36,63,26,0,27,5
Pink + White,Frank Ocean,1,2016,8,20,21574,30,806397070,112,68,266,1,39,160,A,Major,54,54,55,67,0,42,11
Circles,Post Malone,1,2019,8,30,19664,16,2132335812,391,73,633,3,37,120,,Major,70,59,75,24,0,9,4
Better Than Revenge (Taylor's Version),Taylor Swift,1,2023,7,7,86,11,30343206,3,33,3,0,1,146,B,Minor,50,67,89,0,0,19,8
Shut up My Moms Calling,Hotel Ugly,1,2020,2,10,1788,14,405136812,1,50,19,0,19,139,A,Minor,48,37,41,32,0,10,10
Have You Ever Seen The Rain?,Creedence Clearwater Revival,1,1968,7,1,15890,14,1145727611,71,37,653,0,167,116,,Major,74,76,70,7,0,13,3
Es un Secreto,Plan B,1,2010,7,20,492,36,540654286,4,3,19,0,0,95,F#,Minor,84,52,77,12,0,7,4
Ditto,NewJeans,1,2022,12,19,1154,22,397582059,28,125,11,1,51,134,F#,Minor,81,18,64,3,0,10,11
S-Class,Stray Kids,1,2023,6,2,290,19,65496046,9,101,5,0,73,105,F,Minor,89,67,78,9,0,7,33
Hits Different,Taylor Swift,1,2023,5,26,547,0,68616963,15,15,6,0,0,106,F,Major,67,24,78,15,0,30,4
FLOWER,JISOO,1,2023,3,31,839,18,232896922,20,110,20,0,69,124,A,Minor,84,64,39,3,0,11,4
Eyes Closed,Ed Sheeran,1,2023,3,23,2915,30,195576623,116,69,107,3,675,107,D,Major,78,39,53,30,0,11,6
CHORRITO PA LAS ANIMAS,Feid,1,2022,12,2,2321,36,345031710,29,65,34,5,3,96,G#,Minor,74,61,83,11,0,35,6
Players,Coi Leray,1,2022,11,30,4096,6,335074782,118,48,143,0,240,105,F#,Major,95,62,52,3,0,5,16
Bite Me,ENHYPEN,1,2023,5,22,349,69,76767396,8,96,5,0,56,105,C#,Major,80,69,78,28,0,11,14
Normal,Feid,1,2022,7,8,2461,36,459276435,47,66,45,5,6,170,E,Minor,71,59,56,4,0,27,12
Bad Habit,Steve Lacy,1,2022,6,29,8186,12,822633917,155,72,131,16,29,169,C#,Major,69,69,51,63,0,38,4
Search & Rescue,Drake,1,2023,4,7,2066,6,175097833,58,70,43,0,182,142,A#,Minor,82,54,44,6,0,33,7
Lavender Haze,Taylor Swift,1,2022,10,21,3763,8,488386797,51,43,38,10,1,97,A#,Major,73,10,44,26,0,16,8
Efecto,Bad Bunny,1,2022,5,6,4004,33,1047480053,34,65,43,6,2,98,G,Minor,80,23,48,14,0,6,5
Erro Gostoso - Ao Vivo,Simone Mendes,1,2023,1,27,984,5,153454328,8,57,76,2,49,154,F#,Major,59,63,89,18,0,80,9
Cupido,Tini,1,2023,2,14,1240,24,217672943,51,29,63,4,54,120,A,Major,91,63,58,52,0,31,22
Just Wanna Rock,Lil Uzi Vert,1,2022,10,17,3995,13,457184829,72,27,47,0,0,150,B,Major,49,4,55,7,0,6,3
Until I Found You,Stephen Sanchez,1,2021,9,1,4427,4,726434358,69,100,154,20,438,202,A#,Major,34,25,51,69,0,18,4
Easy On Me,Adele,1,2021,10,14,10195,20,1406111294,258,87,657,22,9,142,F,Major,60,13,37,58,0,13,3
The Color Violet,Tory Lanez,1,2021,12,10,2585,32,415932686,3,79,21,1,54,105,F#,Minor,65,46,53,16,0,9,5
Glimpse of Us,Joji,1,2022,6,10,6330,6,988515741,109,42,158,3,31,170,G#,Major,44,27,32,89,0,14,5
Curtains,Ed Sheeran,1,2023,5,5,715,0,39893489,37,3,27,0,50,176,F#,Minor,50,44,76,10,0,32,5
Haegeum,Agust D,1,2023,4,21,244,12,118810253,6,84,10,2,9,85,G,Major,70,83,84,31,0,47,30
MIENTRAS ME CURO DEL CORA,Karol G,1,2023,2,24,1020,35,206399629,15,26,30,6,0,80,,Major,52,57,48,86,0,15,39
Never Felt So Alone,Labrinth,1,2023,4,7,1730,3,117747907,46,5,51,0,20,98,F,Major,44,36,41,50,0,38,5
ceilings,Lizzy McAlpine,1,2022,4,8,3242,9,293186992,67,55,48,0,6,148,A,Major,51,27,33,48,0,22,3
Cupid,Fifty Fifty,1,2023,2,24,526,10,139681964,15,93,30,0,320,120,D,Major,77,94,66,65,0,38,3
I AM,IVE,1,2023,4,10,366,15,123132751,16,102,7,0,55,122,E,Minor,68,38,88,1,0,8,5
Super,SEVENTEEN,1,2023,4,24,271,12,91221625,16,103,9,0,55,137,G#,Major,77,35,88,16,0,17,9
Slut Me Out,NLE Choppa,1,2022,4,22,816,4,190490915,21,4,13,0,4,121,F#,Minor,94,71,61,12,0,53,42
All Of The Girls You Loved Before,Taylor Swift,1,2019,8,23,1282,6,185240616,26,6,19,0,5,96,D,Major,72,40,47,71,0,13,4
PROVENZA,Karol G,1,2022,4,21,6587,34,885093467,114,104,147,11,20,111,C#,Major,87,53,52,66,1,11,5
Shivers,Ed Sheeran,1,2021,9,9,10147,30,1302184087,234,71,543,18,,141,D,Major,79,82,86,28,0,4,9
Komang,Raim Laode,1,2022,8,16,158,4,137123880,5,6,1,1,18,134,G,Major,70,35,41,41,0,10,3
Made You Look,Meghan Trainor,1,2022,10,21,3956,6,502574952,142,23,127,3,16,145,A#,Major,84,88,53,35,0,8,7
No Se Va,Grupo Frontera,1,2022,4,28,924,18,404887295,17,80,22,9,38,173,,Major,59,69,53,12,0,23,3
Punto G,Quevedo,1,2022,11,4,1985,35,381161027,34,26,37,5,1,92,B,Minor,75,55,76,25,0,10,15
Lovers Rock,TV Girl,1,2014,6,5,6339,13,466231982,3,1,36,1,37,105,F,Minor,56,57,87,0,1,10,4
METAMORPHOSIS,INTERWORLD,1,2021,11,25,1561,24,357580552,18,78,24,0,30,175,G,Minor,59,15,64,43,90,12,10
Set Me Free Pt.2,Jimin,1,2023,3,17,340,13,168448603,4,71,16,1,9,132,,Minor,59,56,82,12,0,12,6
Shut Down,BLACKPINK,1,2022,9,16,1524,17,482175240,53,120,62,0,2,110,,Major,82,67,69,0,0,18,4
Call Out My Name,The Weeknd,1,2018,3,29,11087,6,1449799467,151,107,801,1,105,134,C#,Major,45,17,60,21,0,33,4
Like Crazy (English Version),Jimin,1,2023,3,24,373,19,173627354,4,72,5,0,5,120,G,Major,62,32,76,0,0,39,4
REMIX EXCLUSIVO,Feid,1,2023,3,17,1235,9,117206995,20,8,15,0,6,87,F,Minor,65,71,56,4,0,15,20
HAPPY,NF,1,2023,3,25,660,0,52722996,22,7,11,0,78,106,G,Major,73,22,86,31,0,12,4
La Bebe,Yng Lvcas,1,2021,12,24,489,17,191945597,4,11,5,1,2,170,D,Minor,78,75,46,62,0,12,35
Late Night Talking,Harry Styles,1,2022,5,20,7461,8,743693613,166,42,199,16,58,115,A#,Major,71,90,73,30,0,11,5
Something in the Orange,Zach Bryan,1,2022,4,22,3282,12,449701773,67,84,46,16,117,110,G,Major,59,22,38,42,0,12,3
VOID,Melanie Martinez,1,2023,3,29,596,0,67070410,29,9,12,0,52,100,A,Major,72,42,66,18,4,19,4
Midnight Rain,Taylor Swift,1,2022,10,21,2612,4,433356509,19,29,21,0,0,140,,Major,64,18,37,72,0,12,7
If We Ever Broke Up,Mae Stephens,1,2023,2,10,2040,4,165584767,81,27,66,9,444,116,G,Major,90,96,73,62,0,9,4
You Proof,Morgan Wallen,1,2022,5,13,2128,9,367814306,37,88,9,0,14,120,A,Major,73,64,85,25,0,61,3
Malas Decisiones,Kenia OS,1,2022,10,26,542,2,156214700,23,2,21,0,0,110,G#,Minor,81,64,79,5,0,31,3
Murder In My Mind,Kordhell,1,2022,1,21,2459,20,448843705,20,68,50,0,22,120,A#,Major,71,57,97,1,0,13,11
I Love You So,The Walters,1,2014,11,28,7536,7,972164968,44,19,135,0,6,76,A#,Major,58,46,67,65,0,13,4
Dark Red,Steve Lacy,1,2017,2,20,10431,7,920045682,71,53,181,0,10,172,F#,Major,60,77,78,45,0,12,6
Heart To Heart,Mac DeMarco,1,2019,5,10,1640,0,244658767,27,27,29,1,1,150,G#,Minor,90,64,14,67,35,11,10
Peaches (from The Super Mario Bros. Movie),Jack Black,1,2023,4,7,34,0,68216992,0,0,0,0,0,92,A#,Minor,71,41,31,79,0,10,5
Low,SZA,1,2022,12,9,1911,0,272377463,23,71,14,0,9,145,,Minor,70,34,55,43,0,16,6
One Thing At A Time,Morgan Wallen,1,2022,12,2,811,4,148469433,11,58,5,0,21,142,G,Major,61,92,91,0,0,26,3
Everything I Love,Morgan Wallen,1,2023,1,31,579,0,95623148,11,54,0,0,103,104,G#,Major,56,72,85,0,0,15,3
Heaven,Niall Horan,1,2023,2,17,1553,2,144584800,61,6,48,0,150,92,F,Major,57,68,76,7,0,33,3
LET GO,Central Cee,1,2022,12,15,2301,20,298063749,49,23,110,0,8,146,D,Minor,74,51,45,86,0,21,38
Sial,Mahalini,1,2023,1,23,134,4,166570053,4,6,0,0,23,120,D,Major,56,20,43,89,0,12,4
I Wrote The Book,Morgan Wallen,1,2023,1,31,430,0,83021468,15,17,0,0,0,144,D,Major,68,83,81,9,0,8,4
SPIT IN MY FACE!,ThxSoMch,1,2022,10,31,629,14,303216294,32,3,9,0,0,94,G#,Major,73,65,79,5,2,11,6
Red Ruby Da Sleeze,Nicki Minaj,1,2023,3,3,1168,0,81419389,45,11,20,0,21,98,C#,Major,70,29,73,12,0,11,26
Kahani Suno 2.0,Kaifi Khalil,1,2022,5,31,162,6,156777415,1,10,1,0,1,140,B,Major,58,26,38,91,0,10,4
Nobody Gets Me,SZA,1,2022,12,9,2536,6,284908316,59,100,58,13,2,100,G,Major,36,28,28,81,0,18,3
Hype Boy,NewJeans,1,2022,8,1,892,17,363472647,20,119,12,2,7,100,E,Minor,59,78,94,27,0,29,23
Bloody Mary,Lady Gaga,1,2011,1,1,3909,0,372476382,66,26,277,3,734,100,A,Minor,59,49,65,2,0,13,3
WANDA,Quevedo,1,2023,1,20,888,22,175399345,11,24,7,1,7,176,E,Minor,72,96,63,25,0,21,7
Thought You Should Know,Morgan Wallen,1,2022,5,6,968,4,203221468,16,53,1,0,61,140,F#,Major,53,51,70,49,0,14,3
Zona De Perigo,Leo Santana,1,2022,12,8,531,4,134294498,20,1,71,2,0,135,F,Major,81,97,77,75,0,35,3
Lovezinho,Treyce,1,2022,7,28,242,0,70069745,12,2,13,0,4,128,E,Minor,82,61,59,30,0,12,4
Neverita,Bad Bunny,1,2022,5,6,2590,30,671365962,20,64,35,6,0,122,A#,Major,88,43,50,7,0,14,5
Vista Al Mar,Quevedo,1,2022,9,8,1769,34,362361576,16,19,21,3,4,105,,Minor,76,49,56,80,12,10,13
Revenge,XXXTENTACION,1,2017,8,25,3600,11,1022258230,7,0,203,0,2,140,B,Minor,75,18,25,78,0,11,26
Love Again,The Kid Laroi,1,2023,1,27,1283,0,147538971,57,4,48,0,0,107,B,Minor,66,47,40,72,0,11,3
After Hours,The Weeknd,1,2020,2,19,8084,6,698086140,45,115,218,1,221,109,F,Minor,66,16,57,10,1,12,3
About Damn Time,Lizzo,1,2022,7,15,2332,2,723894473,0,0,25,0,0,109,A#,Minor,84,72,74,10,0,34,7
Born With A Beer In My Hand,Morgan Wallen,1,2023,3,3,203,0,34450974,5,9,0,0,0,148,,Major,53,61,81,5,0,36,4
Maan Meri Jaan,King,1,2022,10,12,288,6,319566866,11,80,1,0,8,96,F#,Minor,70,40,51,35,0,10,4
Moscow Mule,Bad Bunny,1,2022,5,6,4572,33,909001996,74,113,85,9,2,100,F,Minor,80,29,67,29,0,12,3
TRUSTFALL,P!nk,1,2023,1,27,2098,16,134255790,88,24,101,7,451,122,G#,Major,64,25,89,0,0,15,9
ANTIFRAGILE,LE SSERAFIM,1,2022,10,17,761,12,301051721,23,95,11,0,3,105,A#,Minor,88,82,80,8,0,11,8
Boy's a liar,PinkPantheress,1,2022,11,30,1225,0,156338624,27,0,28,13,0,133,F,Major,66,74,84,25,0,21,4
Shirt,SZA,1,2022,10,28,3469,0,309653982,71,95,31,0,2,120,D#,Minor,82,55,45,15,3,9,10
Lift Me Up - From Black Panther: Wakanda Forever - Music From and Inspired By,Rihanna,1,2022,10,28,3311,0,297328960,129,31,212,1,41,177,A,Major,25,17,30,90,0,13,3
STAR WALKIN' (League of Legends Worlds Anthem),Lil Nas X,1,2022,9,22,2616,0,332506354,113,17,208,0,192,142,D,Minor,64,31,72,15,0,9,5
Space Song,Beach House,1,2015,1,1,17852,4,789753877,69,76,335,0,,147,,Minor,51,62,79,22,13,14,3
TV,Billie Eilish,1,2022,7,21,3009,2,338564981,68,89,65,0,25,141,E,Minor,41,9,25,84,1,14,4
Heather,Conan Gray,1,2020,3,20,6170,7,1301799902,82,1,231,0,2,92,F,Major,47,25,43,62,0,32,3
Sugar Rush Ride,TOMORROW X TOGETHER,1,2023,1,27,359,0,107642809,12,56,13,0,13,125,A#,Minor,71,83,89,1,0,17,9
Pink Venom,BLACKPINK,1,2022,8,19,1963,16,551305895,57,119,77,1,13,90,,Major,80,71,69,2,0,27,10
After Dark,Mr.Kitty,1,2014,8,8,1776,14,646886885,1,9,3,0,0,140,G#,Major,58,4,60,7,41,8,3
Atlantis,Seafret,1,2015,4,22,3045,6,571386359,43,53,134,1,32,166,G#,Minor,40,23,48,5,0,12,3
How Do I Say Goodbye,Dean Lewis,1,2022,8,5,2163,15,284785823,72,97,58,0,154,82,G#,Major,40,39,64,21,0,7,7
Blind,SZA,1,2022,12,9,1484,0,163284000,22,51,12,0,0,114,A,Minor,46,60,28,91,0,21,4
Die For You,Joji,1,2022,11,4,1703,0,246390068,38,45,36,16,0,148,G#,Major,47,15,52,38,13,29,5
Doja,Central Cee,1,2022,7,20,4169,44,482257456,57,44,183,1,11,140,F#,Major,91,97,57,38,0,40,29
Gatita,Bellakath,1,2022,10,3,1054,0,168684524,9,0,15,0,1,101,G,Major,90,76,81,15,24,33,6
Yonaguni,Bad Bunny,1,2021,6,4,9644,28,1260594497,120,86,164,4,0,180,C#,Major,64,44,65,28,0,14,12
Super Freaky Girl,Nicki Minaj,1,2022,8,12,4827,0,428685680,104,17,76,9,2,133,D,Major,95,91,89,6,0,31,24
Running Up That Hill (A Deal With God),Kate Bush,1,1985,9,16,21811,0,1024858327,117,1,676,3,0,108,A#,Minor,63,20,55,72,0,6,6
Dream On,Aerosmith,1,1973,1,5,168,0,838586769,0,0,5,0,0,80,F,Minor,39,24,43,39,0,23,3
Limbo,Freddie Dredd,1,2022,8,11,688,0,199386237,14,1,17,0,2,75,B,Minor,80,46,62,3,6,11,46
Bad Habits,Ed Sheeran,1,2020,9,3,12755,8,1555511105,344,97,945,15,,126,B,Minor,81,59,90,5,0,36,3
KICK BACK,Kenshi Yonezu,1,2022,10,12,574,4,210038833,38,101,26,0,0,102,C#,Major,58,29,94,0,0,9,11
Good Days,SZA,1,2020,12,24,10426,2,826623384,133,109,182,1,10,121,C#,Minor,46,53,78,23,0,72,6
Woman,Doja Cat,1,2021,6,25,9424,0,1329090101,202,50,463,4,,108,F,Minor,82,88,76,9,0,12,9
Shut up My Moms Calling - (Sped Up),Hotel Ugly,1,2022,9,14,713,7,181831132,2,4,6,0,0,85,F,Minor,65,36,47,31,0,12,10
Rockin' Around The Christmas Tree,Brenda Lee,1,1958,1,1,14994,0,769213520,191,168,206,0,,140,G#,Major,70,85,41,71,0,45,5
Jingle Bell Rock,Bobby Helms,1,1957,1,1,10326,0,741301563,165,99,104,0,,119,D,Major,74,78,37,84,0,6,3
Santa Tell Me,Ariana Grande,1,2013,12,13,9408,0,834129063,231,106,439,0,,133,G,Major,46,53,63,5,0,30,18
It's the Most Wonderful Time of the Year,Andy Williams,1,1963,10,14,8879,0,663832097,182,107,160,0,1,202,G,Major,24,76,60,77,0,12,4
Let It Snow! Let It Snow! Let It Snow!,Dean Martin,1,1959,11,16,6512,0,446390129,88,1,277,0,0,134,C#,Major,45,72,24,91,0,18,4
Snowman,Sia,1,2017,1,1,5140,0,690104769,85,110,500,0,,105,C#,Major,72,33,51,48,0,9,3
Underneath the Tree,Kelly Clarkson,1,2013,10,25,6596,0,485285717,144,99,251,0,0,160,G#,Major,51,69,81,0,0,21,5
Mistletoe,Justin Bieber,1,2011,1,1,9577,0,629173063,195,111,310,0,0,162,F#,Minor,67,88,54,51,0,9,4
Sleigh Ride,The Ronettes,1,1963,11,22,10114,0,404664135,114,74,262,0,0,92,D,Major,53,84,77,40,0,32,3
Seek & Destroy,SZA,1,2022,12,9,1007,0,98709329,5,31,1,0,0,152,C#,Major,65,35,65,44,18,21,7
Love Language,SZA,1,2022,12,9,1127,0,110849052,16,63,8,0,0,65,A,Minor,71,55,26,85,0,13,8
A Holly Jolly Christmas - Single Version,Burl Ives,1,1952,1,1,7930,0,395591396,108,120,73,0,0,140,,Major,67,81,36,64,0,15,3
The Christmas Song (Merry Christmas To You) - Remastered 1999,Nat King Cole,1,1946,11,1,11500,0,389771964,140,72,251,0,0,139,C#,Major,36,22,15,84,0,11,4
Wonderful Christmastime - Edited Version / Remastered 2011,Paul McCartney,1,1979,11,16,1685,0,403939487,1,0,29,0,0,95,B,Major,75,74,58,36,0,9,3
Do They Know It's Christmas? - 1984 Version,Band Aid,1,1984,11,25,14169,0,481697415,209,30,449,0,0,115,,Major,60,23,57,0,2,27,3
Special,SZA,1,2022,12,9,906,0,88092256,6,21,3,0,0,76,,Major,60,19,20,78,0,11,5
Merry Christmas Everyone,Shakin' Stevens,1,1984,1,1,1087,0,351636786,90,35,5,0,0,101,C#,Minor,72,91,87,14,0,13,3
SOS,SZA,1,2022,12,9,827,0,73981293,6,18,1,0,0,119,G,Minor,51,51,66,67,0,9,23
Driving Home for Christmas - 2019 Remaster,Chris Rea,1,1986,1,1,888,0,429504768,50,0,6,0,0,180,A,Major,51,87,58,36,0,18,4
Christmas (Baby Please Come Home),Darlene Love,1,1963,11,22,9122,0,242767149,121,58,212,0,0,126,D#,Major,34,35,76,39,0,8,5
Gone Girl,SZA,1,2022,12,9,892,0,65362788,3,17,2,0,0,150,F,Major,43,42,44,57,0,15,6
F2F,SZA,1,2022,12,9,989,0,67540165,5,9,1,0,0,90,D,Major,53,47,74,9,0,34,4
Notice Me,SZA,1,2022,12,9,819,0,62019074,14,22,0,0,0,160,F,Major,72,78,68,28,0,11,12
My Only Wish (This Year),Britney Spears,1,2000,11,7,6952,0,261116938,115,53,286,0,0,147,,Major,67,69,72,17,0,19,3
Wild Flower (with youjeen),RM,1,2022,12,2,353,2,135611421,2,74,14,0,2,155,G#,Major,49,42,77,3,0,12,9
I Hate U,SZA,1,2021,12,3,4094,0,356709897,66,96,43,0,0,107,G,Minor,54,41,39,51,0,11,16
SPIT IN MY FACE!,ThxSoMch,1,2022,10,31,573,0,301869854,1,0,18,0,24,166,C#,Major,70,57,57,9,20,11,7
Deck The Hall - Remastered 1999,Nat King Cole,1,1959,1,1,3299,0,127027715,65,39,41,0,0,107,F#,Minor,69,96,36,81,0,8,4
Smoking on my Ex Pack,SZA,1,2022,12,9,811,0,57144458,6,11,3,0,0,81,G#,Major,47,33,68,24,0,22,38
Conceited,SZA,1,2022,12,9,899,0,56870689,2,14,2,0,0,150,C#,Major,79,77,46,5,0,11,7
Maroon,Taylor Swift,1,2022,10,21,2304,0,317726339,12,16,14,0,0,108,G,Major,64,4,40,6,0,10,6
Bejeweled,Taylor Swift,1,2022,10,21,2699,0,328207708,39,35,22,2,0,164,G,Major,70,39,56,6,0,9,7
Too Late,SZA,1,2022,12,8,714,0,49262961,0,9,2,0,0,128,B,Major,45,35,68,78,0,39,8
Run Rudolph Run - Single Version,Chuck Berry,1,1958,1,1,8612,0,245350949,120,30,52,0,1,152,G,Minor,69,94,71,79,0,7,8
Jingle Bells - Remastered 1999,Frank Sinatra,1,1957,1,1,4326,0,178660459,32,3,65,0,0,175,G#,Major,51,94,34,73,0,10,5
Far,SZA,1,2022,12,9,680,0,51641685,2,15,1,0,0,116,D,Major,61,48,55,67,0,16,8
Sacrifice,The Weeknd,1,2022,1,7,4440,0,326792833,81,77,133,0,,122,G,Major,70,91,79,3,0,7,10
Is There Someone Else?,The Weeknd,1,2022,1,7,2881,6,391251368,13,89,34,0,3,135,A,Minor,70,60,58,4,0,16,3
Out of Time,The Weeknd,1,2022,1,7,3711,0,339659802,49,88,62,0,,93,,Minor,65,82,74,27,0,32,5
Pepas,Farruko,1,2021,6,24,14114,17,1309887447,252,109,965,20,,130,G,Major,76,44,77,1,0,13,3
How Do I Make You Love Me?,The Weeknd,1,2022,1,7,1915,0,119238316,7,47,15,0,0,121,G,Minor,80,62,51,2,0,9,8
Gasoline,The Weeknd,1,2022,1,7,2297,0,116903579,11,29,14,0,0,123,F#,Minor,74,35,73,0,0,21,5
Infinity,Jaymes Young,1,2017,6,23,4375,0,888046992,24,0,396,0,0,122,B,Minor,67,50,67,15,0,30,4
Less Than Zero,The Weeknd,1,2022,1,7,2800,0,200660871,18,77,61,0,1,143,,Major,53,50,79,0,0,8,3
Take My Breath,The Weeknd,1,2021,8,6,2597,0,130655803,17,80,38,0,0,121,A#,Minor,70,35,77,1,0,26,4
good 4 u,Olivia Rodrigo,1,2021,5,14,15563,6,1887039593,259,55,461,1,,166,F#,Minor,56,68,66,28,0,11,18
Best Friends,The Weeknd,1,2022,1,7,1292,0,101114984,3,18,14,0,0,87,E,Minor,49,49,59,44,0,35,21
Need To Know,Doja Cat,1,2021,6,11,6672,0,1042568408,125,36,150,0,,130,C#,Major,66,19,61,30,0,9,7
MONTERO (Call Me By Your Name),Lil Nas X,1,2020,9,18,12329,0,1735441776,275,19,738,0,,179,G#,Minor,61,76,51,30,0,38,15
love nwantiti (ah ah ah),Ckay,1,2019,7,26,5669,2,726837877,74,0,262,14,,93,F,Minor,74,53,73,61,0,13,4
Dawn FM,The Weeknd,1,2022,1,7,811,0,53933526,1,8,6,0,0,78,A,Minor,27,10,49,62,0,49,5
Surface Pressure,Jessica Darrow,1,2021,11,19,1756,0,267758538,38,48,20,0,0,180,D,Major,65,37,58,2,0,4,31
Starry Eyes,The Weeknd,1,2022,1,7,1014,0,74601456,1,17,11,0,0,86,A,Minor,28,13,41,50,0,19,3
THATS WHAT I WANT,Lil Nas X,1,2021,9,17,7963,0,920797189,173,7,298,0,4,88,C#,Minor,74,55,85,1,0,5,22
MONEY,Lisa,1,2021,9,10,2566,13,863625566,44,109,131,0,,140,C#,Minor,83,40,55,16,0,14,23
Happier Than Ever,Billie Eilish,1,2021,7,30,8476,0,1056760045,138,133,283,0,,65,,Major,31,31,24,76,0,14,4
Toxic,BoyWithUke,1,2021,9,10,1795,0,582981380,34,23,118,0,,180,G#,Minor,59,69,61,84,0,46,36
drivers license,Olivia Rodrigo,1,2021,1,8,12685,3,1858144199,185,61,485,0,,144,A#,Major,59,21,43,76,0,10,7
All Too Well (10 Minute Version) (Taylor's Version) (From The Vault),Taylor Swift,1,2021,11,12,4635,5,583687007,50,49,30,1,2,93,,Major,63,21,52,28,0,9,3
Oh My God,Adele,1,2021,11,19,4431,0,466214729,105,7,199,0,0,88,C#,Major,53,55,73,9,0,3,5
A Tale By Quincy,The Weeknd,1,2022,1,7,733,0,41924466,0,2,2,0,0,94,F,Minor,46,55,50,71,0,10,11
I AM WOMAN,Emmy Meli,1,2021,11,18,2795,0,225259194,45,0,107,0,0,170,A#,Major,65,46,47,12,0,13,16
It'll Be Okay,Shawn Mendes,1,2021,12,1,1950,0,287201015,56,8,104,0,10,78,G,Major,40,7,29,62,0,9,3
Softcore,The Neighbourhood,1,2018,3,9,3947,12,599770206,33,102,93,0,30,94,D,Major,57,36,58,5,0,15,3
Super Gremlin,Kodak Black,1,2021,10,30,2551,0,342779426,52,15,35,0,1,73,D,Major,83,11,41,0,0,36,14
Todo De Ti,Rauw Alejandro,1,2020,11,2,11975,8,1168642797,188,75,268,6,16,128,D#,Minor,81,57,63,40,1,10,4
Every Angel is Terrifying,The Weeknd,1,2022,1,7,715,0,37307967,0,1,2,0,0,118,,Major,44,52,94,11,0,4,29
Tacones Rojos,Sebastian Yatra,1,2021,10,22,3047,9,510876816,77,31,85,5,28,123,B,Minor,75,93,86,8,0,14,3
Life Goes On,Oliver Tree,1,2020,7,17,2868,0,501541661,43,15,116,0,,80,,Major,70,57,49,19,0,12,8
Butter,BTS,1,2021,5,21,4779,6,1143647827,180,135,223,0,5,110,G#,Major,79,70,36,0,0,6,11
deja vu,Olivia Rodrigo,1,2021,4,1,7545,4,1256880657,117,39,141,0,46,181,A,Major,44,22,60,61,0,42,9
Dynamite,BTS,1,2020,8,21,8528,5,1692897992,239,163,583,0,,114,F#,Minor,75,74,77,1,0,9,10
TO THE MOON,Jnr Choi,1,2021,11,5,2979,0,245095641,44,0,159,0,0,144,D,Major,74,39,65,5,1,11,35
Love Grows (Where My Rosemary Goes),Edison Lighthouse,1,1970,1,1,2877,0,BPM110KeyAModeMajorDanceability53Valence75Energy69Acousticness7Instrumentalness0Liveness17Speechiness3,16,0,54,0,0,110,A,Major,53,75,69,7,0,17,3
Phantom Regret by Jim,The Weeknd,1,2022,1,7,768,0,31959571,1,1,3,0,0,108,A,Minor,46,23,48,75,30,14,4
Dos Oruguitas,Sebastian Yatra,1,2021,11,19,925,0,167076418,24,47,74,0,0,94,,Major,42,47,36,76,0,9,5
Freaks,Surf Curse,1,2015,5,10,3006,3,824420218,23,21,121,0,13,180,A,Major,35,41,94,0,63,5,5
Acapulco,Jason Derulo,1,2021,9,1,3098,0,363467642,111,5,182,1,0,122,A#,Major,77,51,79,5,0,16,5
Daddy Issues,The Neighbourhood,1,2015,10,30,9771,4,1127468248,42,70,384,0,3,85,A#,Major,59,33,52,7,15,12,3
ELEVEN,IVE,1,2021,12,1,521,1,247737946,17,89,11,0,0,120,A,Major,83,59,73,6,0,5,11
DANCE CRIP,Trueno,1,2021,11,17,731,0,198883004,14,14,24,0,4,106,,Major,86,86,79,11,0,8,9
Miserable Man,David Kushner,1,2022,1,7,788,0,124407432,13,0,32,1,0,110,A#,Major,63,31,35,93,0,29,3
happier,Olivia Rodrigo,1,2021,5,21,3069,4,850608354,25,46,105,0,45,169,F#,Major,39,36,45,81,0,8,13
Praise God,Kanye West,1,2021,8,29,4651,0,376333030,24,6,105,0,0,118,C#,Major,80,21,55,1,0,26,17
Get Into It (Yuh),Doja Cat,1,2021,6,25,4999,0,516784627,43,19,73,12,0,92,G#,Minor,91,79,66,32,0,9,16
Before You Go,Lewis Capaldi,1,2019,11,1,8327,24,1608045237,205,130,625,0,25,112,D#,Major,45,19,60,63,0,9,6
Sky,Playboi Carti,1,2020,12,25,3297,3,506778838,25,3,52,0,1,140,D,Major,79,56,91,26,0,13,21
Sobrio,Maluma,1,2021,7,8,3506,10,513643924,103,76,100,1,1,178,F,Major,76,63,77,14,0,15,22
favorite crime,Olivia Rodrigo,1,2021,5,21,3681,0,783706581,20,21,99,0,7,173,A,Major,40,19,29,86,0,34,4
positions,Ariana Grande,1,2020,10,23,8207,0,1252563873,175,55,95,0,2,144,,Major,73,66,80,44,0,9,12
The Feels,TWICE,1,2021,10,1,1150,0,345903614,20,99,44,0,2,120,A,Major,81,92,90,9,0,8,7
HEARTBREAK ANNIVERSARY,Giveon,1,2020,2,21,5398,4,951637566,111,127,210,0,37,129,,Major,61,59,46,56,0,13,5
Pope Is a Rockstar,SALES,1,2016,4,20,1966,0,156658366,4,2,50,0,0,90,E,Minor,73,31,45,85,24,11,3
2055,Sleepy hallow,1,2021,4,14,2226,0,624515457,29,0,44,0,0,161,F#,Minor,78,65,52,46,0,12,31
Bored,Billie Eilish,1,2017,3,30,4204,0,777765388,39,45,250,0,0,120,G,Major,60,11,33,90,0,8,5
Happier Than Ever - Edit,Billie Eilish,1,2021,7,28,1959,0,412795151,19,0,38,0,0,81,,Major,45,12,57,7,0,23,3
Astronaut In The Ocean,Masked Wolf,1,2019,1,1,7191,0,1138474110,146,18,478,0,7,150,E,Minor,78,47,70,18,0,15,9
Every Summertime,NIKI,1,2021,8,10,1211,2,290228626,30,2,5,0,6,79,F#,Major,63,76,67,38,0,6,4
Talking To The Moon,Bruno Mars,1,2010,10,4,7109,2,1062956628,5,0,862,0,0,146,C#,Minor,52,7,61,51,0,11,3
you broke me first,Tate McRae,1,2020,4,17,6638,0,1180094974,167,19,318,0,1,124,E,Major,64,8,37,79,0,9,5
Take My Breath,The Weeknd,1,2021,8,6,6392,0,432702334,174,73,344,0,0,121,G#,Major,75,53,74,2,0,11,5
Lucid Dreams,Juice WRLD,1,2017,6,15,14749,0,2288695111,188,34,710,0,5,84,B,Minor,44,22,48,38,0,33,24
Arcade,Duncan Laurence,1,2019,3,7,6646,0,991336132,107,47,584,1,,72,A,Minor,45,27,33,82,0,14,4
The Rumbling (TV Size),SiM,1,2022,1,10,254,0,71014967,0,4,23,0,0,145,G#,Major,41,65,88,0,0,26,5
Blessed-Cursed,ENHYPEN,1,2022,1,10,246,0,77337771,2,12,10,0,0,127,E,Minor,60,40,89,9,0,60,6
Streets,Doja Cat,1,2019,11,7,5728,0,865640097,85,87,179,0,12,90,B,Major,75,19,46,21,4,34,8
Polaroid Love,ENHYPEN,1,2022,1,10,461,0,211372494,10,56,17,0,0,138,G,Minor,74,65,67,46,0,36,4
Permission to Dance,BTS,1,2021,7,9,1801,2,608334048,77,134,74,0,2,125,A,Major,70,65,74,1,0,34,4
RAPSTAR,Polo G,1,2021,4,9,4731,0,797402345,141,12,78,0,0,81,F#,Major,79,44,54,41,0,13,24
Stay Alive (Prod. SUGA of BTS),Jung Kook,1,2022,2,11,590,5,246376690,4,113,20,0,1,130,D,Minor,51,50,76,30,0,10,7
Boyfriend,Dove Cameron,1,2022,2,11,3766,0,496311364,76,0,102,0,2,180,G,Minor,35,23,61,23,0,19,6
Light Switch,Charlie Puth,1,2022,1,19,4049,0,500340342,119,6,85,1,1,184,F#,Major,69,91,63,11,0,9,31
Lost,Frank Ocean,1,2012,1,1,29499,11,822239726,124,27,587,0,4,123,A#,Minor,91,49,61,3,0,17,22
she's all i wanna be,Tate McRae,1,2022,2,4,2711,0,343197054,105,12,51,0,12,160,D,Minor,61,65,64,1,0,12,4
Ginseng Strip 2002,Yung Lean,1,2013,8,16,4310,0,240769997,13,0,113,1,3,115,C#,Major,60,37,71,8,0,48,4
Notion,The Rare Occasions,1,2016,8,5,2393,0,421135627,22,13,65,0,6,160,A,Major,31,30,88,7,0,8,8
Formula,Labrinth,1,2019,10,4,3444,7,554875730,24,85,102,0,1,145,B,Major,57,23,66,4,6,15,4
Mount Everest,Labrinth,1,2019,6,21,5443,0,467727006,45,1,80,0,12,89,,Minor,46,43,43,23,8,8,22
Cigarettes,Juice WRLD,1,2021,12,10,975,0,185408548,11,0,10,0,0,160,D,Major,60,47,62,3,0,38,4
Mujeriego,Ryan Castro,1,2021,12,17,1492,0,231996128,44,63,91,0,24,80,A,Major,76,92,62,6,0,8,13
Swim,Chase Atlantic,1,2017,10,4,2742,0,498960285,5,1,62,0,0,120,G#,Major,67,8,54,27,0,8,4
A Tu Merced,Bad Bunny,1,2020,2,29,4214,11,685071800,21,20,40,0,0,92,,Major,86,89,79,17,0,11,6
Numb Little Bug,Em Beihold,1,2022,1,28,2026,0,258714692,47,3,42,12,6,85,G#,Minor,74,61,52,30,0,26,9
Worst Day,Future,1,2022,2,11,910,0,50746620,20,3,24,0,0,89,C#,Major,65,60,60,11,0,10,40
Hrs and Hrs,Muni Long,1,2021,11,19,1800,0,181328253,43,36,46,13,4,140,G#,Minor,51,66,53,60,0,11,18
Alien Blues,Vundabar,1,2015,7,24,1930,0,370068639,3,0,28,0,1,82,D#,Major,47,44,76,8,91,9,3
Still Don't Know My Name,Labrinth,1,2019,10,4,6332,0,563902868,47,116,266,0,0,88,F,Major,31,31,63,47,27,21,12
Christmas Tree,V,1,2021,12,24,509,9,317622165,8,106,6,0,8,139,F,Major,44,18,38,70,0,12,4
When I R.I.P.,Labrinth,1,2019,10,4,2578,0,203680270,8,67,66,0,0,80,G#,Minor,39,45,55,73,0,9,21
Forever,Labrinth,1,2019,10,4,3618,0,282883169,21,86,138,0,2,80,E,Minor,56,19,46,92,72,11,3
Adore You,Harry Styles,1,2019,12,6,13454,1,1439191367,246,71,519,2,5,99,G#,Major,68,57,77,2,0,10,5
Envolver,Anitta,1,2021,11,11,4673,2,546191065,123,113,180,1,4,92,E,Minor,81,40,73,15,0,9,8
Starlight,Dave,1,2022,3,3,1856,3,229473310,29,40,31,1,1,124,G,Major,95,36,37,35,0,10,28
Hati-Hati di Jalan,Tulus,1,2022,3,3,200,2,202677468,12,4,0,0,0,72,F#,Major,64,76,44,70,9,12,4
Yo Voy (feat. Daddy Yankee),Zion & Lennox,1,2004,5,4,2954,2,527033089,18,82,0,0,5,95,A#,Major,81,56,70,4,0,5,24
Jordan,Ryan Castro,1,2021,4,30,2844,2,394030335,29,2,35,1,0,180,A#,Minor,80,71,68,6,0,10,37
Nail Tech,Jack Harlow,1,2022,2,18,2939,0,193443895,42,0,24,0,0,150,E,Minor,65,11,58,0,0,12,9
DARARI,Treasure,1,2022,2,15,328,0,182978249,10,21,7,0,9,85,,Major,72,55,64,49,0,7,4
Ya No Somos Ni Seremos,Christian Nodal,1,2022,2,18,866,16,319757142,27,84,32,7,11,140,G,Major,59,73,45,44,0,34,3
this is what falling in love feels like,JVKE,1,2021,9,3,2005,0,346127840,16,5,43,0,7,129,B,Major,42,33,44,62,0,8,6
La Zona,Bad Bunny,1,2020,2,29,1188,0,312622938,13,1,15,0,1,94,C#,Minor,76,81,80,20,0,25,4
Hope,XXXTENTACION,1,2018,3,16,3659,0,1200808494,11,10,267,0,7,146,A,Minor,59,23,46,66,0,15,6
Levitating,Dua Lipa,1,2020,3,27,9833,0,797196073,233,82,531,1,1,103,F#,Minor,69,90,88,5,0,29,8
Demasiadas Mujeres,C. Tangana,1,2020,10,8,2226,0,339473453,36,2,11,0,14,126,A,Minor,67,37,46,13,0,10,39
O.O,NMIXX,1,2022,2,22,290,0,135444283,9,66,10,0,0,200,B,Minor,39,28,77,4,0,6,29
First Class,Jack Harlow,1,2022,4,8,8737,0,694525298,163,32,137,15,12,107,G#,Major,91,32,56,3,0,11,10
Plan A,Paulo Londra,1,2022,3,23,1105,0,240661097,32,0,19,0,0,174,,Major,58,56,83,5,0,7,4
Fuera del mercado,Danny Ocean,1,2022,2,17,2499,21,421365166,68,24,43,1,0,92,G#,Major,45,27,67,32,0,13,14
When You're Gone,Shawn Mendes,1,2022,3,31,2092,0,255120451,75,11,44,0,14,147,F,Major,60,58,69,2,0,58,4
In My Head,Lil Tjay,1,2022,4,1,1185,0,190981339,21,0,31,0,0,143,C#,Major,68,41,55,16,0,10,12
Wait a Minute!,Willow,1,2015,1,11,11985,0,924193303,79,80,250,3,10,101,D#,Minor,76,63,71,3,0,10,3
LOVE DIVE,IVE,1,2022,4,5,753,8,305771063,28,124,13,0,1,118,C#,Minor,70,54,71,0,0,33,4
Chance,Paulo Londra,1,2022,4,6,225,0,89566512,11,0,7,0,0,138,C#,Minor,72,22,46,24,0,9,6
Cool for the Summer,Demi Lovato,1,2015,1,1,9243,0,677389855,155,5,577,0,6,114,F,Minor,59,30,62,1,0,8,4
Angel Baby,Troye Sivan,1,2021,9,9,1959,9,408843328,52,25,32,0,10,145,B,Major,56,41,57,1,0,13,3
Right On,Lil Baby,1,2022,4,8,1116,0,101780047,31,9,15,0,1,166,D,Major,70,22,61,2,0,10,34
That's Hilarious,Charlie Puth,1,2022,4,8,686,2,146363130,11,6,12,0,15,108,F#,Major,71,55,44,74,0,11,6
Soy El Unico,Yahritza Y Su Esencia,1,2022,3,25,226,0,126443991,5,0,4,0,1,84,E,Minor,71,63,45,45,0,11,3
Falling,Harry Styles,1,2019,12,13,7556,0,1023187129,124,24,254,0,8,110,E,Major,57,6,27,84,0,9,3
Fim de Semana no Rio,teto,1,2022,3,30,315,2,139193812,27,2,31,0,0,119,C#,Minor,87,28,50,12,0,10,10
MANIAC,Stray Kids,1,2022,3,18,651,0,212234990,6,188,20,0,0,120,C#,Major,58,71,80,15,0,7,41
Golden,Harry Styles,1,2019,12,13,8429,1,807015863,85,24,200,0,2,140,E,Minor,45,25,84,21,0,13,6
Ain't Shit,Doja Cat,1,2021,6,25,3436,0,499710590,32,6,46,0,1,124,D#,Major,86,62,49,51,0,35,21
Still Life,BIGBANG,1,2022,4,5,181,0,53909146,16,14,7,0,0,118,G#,Major,68,24,58,44,0,6,3
N95,Kendrick Lamar,1,2022,5,13,5542,0,301242089,52,16,65,0,206,140,D#,Minor,81,39,66,38,0,12,14
About Damn Time,Lizzo,1,2022,4,14,9021,0,723894473,242,49,272,21,24,109,A#,Minor,84,72,74,10,0,34,7
Un Ratito,Bad Bunny,1,2022,5,6,1112,6,417230415,7,30,13,1,1,93,,Minor,79,22,55,31,0,12,5
United In Grief,Kendrick Lamar,1,2022,5,13,2575,0,156898322,4,5,12,0,51,87,G#,Major,52,32,83,24,0,17,43
Yo No Soy Celoso,Bad Bunny,1,2022,5,6,1179,0,313113297,7,21,11,0,0,142,,Major,87,93,59,28,0,17,5
Rich Spirit,Kendrick Lamar,1,2022,5,13,3486,0,173702135,20,10,33,0,0,96,A#,Minor,85,41,43,39,0,12,21
Me Fui de Vacaciones,Bad Bunny,1,2022,5,6,1443,0,305650299,9,11,22,1,0,85,A#,Major,71,43,65,23,0,9,5
Count Me Out,Kendrick Lamar,1,2022,5,13,2729,0,126191104,3,7,13,0,1,134,G,Major,78,51,43,69,0,14,9
Dos Mil 16,Bad Bunny,1,2022,5,6,892,3,338422004,10,24,11,0,0,130,C#,Major,82,50,67,12,0,13,5
Un Coco,Bad Bunny,1,2022,5,6,1029,28,403231558,5,28,9,0,0,152,B,Major,84,74,69,21,0,18,6
Worldwide Steppers,Kendrick Lamar,1,2022,5,13,1480,0,61739839,1,0,5,0,0,72,A#,Minor,56,56,47,76,0,8,36
Aguacero,Bad Bunny,1,2022,5,6,829,0,283359161,4,15,10,0,0,121,F#,Minor,86,67,65,42,0,35,7
Un Verano Sin Ti,Bad Bunny,1,2022,5,6,1004,1,283332261,8,12,9,0,0,188,F,Minor,50,41,50,69,0,12,6
Dua Lipa,Jack Harlow,1,2022,5,6,1992,0,150500965,35,0,3,0,0,158,B,Major,83,41,65,0,10,11,8
Agosto,Bad Bunny,1,2022,5,6,897,0,246127838,6,20,8,0,0,115,C#,Minor,85,72,58,9,0,49,12
House Of Memories,Panic! At The Disco,1,2016,1,15,2948,0,582863434,10,2,150,0,0,110,B,Minor,51,48,82,0,0,5,3
In The Stars,Benson Boone,1,2022,4,29,2224,8,382199619,48,40,87,1,210,78,A#,Major,36,30,54,34,0,14,5
Rich - Interlude,Kendrick Lamar,1,2022,5,13,1103,0,41210087,0,0,0,0,0,104,G,Major,44,74,42,88,0,9,9
Stefania (Kalush Orchestra),KALUSH,1,2022,3,10,555,0,53729194,10,4,4,0,0,105,D,Major,83,32,82,14,0,12,4
Thousand Miles,The Kid Laroi,1,2022,4,22,2050,0,244741137,52,9,46,0,1,81,G,Major,38,20,66,9,0,9,8
Crown,Kendrick Lamar,1,2022,5,13,1493,0,42485571,2,0,10,0,0,170,C#,Minor,37,14,24,80,0,11,4
Auntie Diaries,Kendrick Lamar,1,2022,5,13,1545,0,37778188,1,0,4,0,0,78,G,Major,43,60,38,76,1,48,38
PUFFIN ON ZOOTIEZ,Future,1,2022,4,29,2350,0,254218729,28,42,23,0,0,125,G#,Major,88,28,66,6,0,13,31
Mirror,Kendrick Lamar,1,2022,5,13,1929,0,53603447,2,0,4,0,0,92,E,Minor,66,29,65,23,0,8,7
Beautiful Girl,Luciano,1,2022,4,22,710,4,160035717,16,11,18,0,0,140,B,Minor,84,61,42,31,0,9,9
Savior - Interlude,Kendrick Lamar,1,2022,5,13,1194,0,37091576,0,0,3,0,0,118,F,Minor,66,83,43,84,0,19,19
ZOOM,Jessi,1,2022,4,13,608,0,136996305,5,29,14,0,0,100,F#,Major,87,46,60,1,0,13,16
SloMo,Chanel,1,2021,12,24,1211,0,65719930,31,0,19,0,2,105,C#,Minor,73,59,81,13,0,9,6
FEARLESS,LE SSERAFIM,1,2022,5,2,629,0,229497852,18,75,9,0,0,104,G,Major,86,43,62,5,0,13,14
10 Things I Hate About You,Leah Kate,1,2022,3,23,1301,0,185550869,23,1,15,0,0,154,G#,Major,54,45,79,1,0,17,5
SPACE MAN,Sam Ryder,1,2022,2,22,1329,0,54682594,42,51,32,0,0,80,B,Major,47,33,83,18,0,10,5
Iris,The Goo Goo Dolls,1,1998,3,31,13101,9,1284942608,137,5,582,0,0,156,B,Minor,32,49,72,0,0,9,4
The Heart Part 5,Kendrick Lamar,1,2022,5,8,2939,0,71423324,29,0,30,0,0,98,G#,Minor,76,79,81,18,0,6,34
San Lucas,Kevin Kaarl,1,2019,11,7,407,1,244891912,5,0,5,0,0,92,G,Major,58,27,36,86,0,9,3
Good Looking,Suki Waterhouse,1,2017,10,20,2264,0,184706613,11,6,25,0,1,150,E,Major,37,27,56,8,0,13,3
Flowers,Lauren Spencer Smith,1,2021,8,9,801,0,184826429,42,9,24,1,1,138,D#,Major,70,31,44,84,0,9,39
Yet To Come,BTS,1,2022,6,10,829,0,302006641,32,110,26,0,0,172,C#,Major,56,68,89,4,0,33,19
Run BTS,BTS,1,2022,6,10,736,0,330881149,5,132,17,0,3,77,G#,Major,72,70,82,2,0,4,17
Music For a Sushi Restaurant,Harry Styles,1,2022,5,20,4449,1,334733572,80,11,66,0,1,107,B,Major,72,36,72,26,6,11,4
Matilda,Harry Styles,1,2022,5,20,3218,3,366214458,29,10,79,0,0,114,D,Major,51,39,29,90,0,10,4
For Youth,BTS,1,2022,6,10,327,0,114546317,5,40,12,0,0,117,D,Major,63,29,51,43,0,25,4
Daylight,Harry Styles,1,2022,5,20,2775,0,290833204,21,11,40,0,0,146,,Major,69,63,45,48,0,18,4
Vegas (From the Original Motion Picture Soundtrack ELVIS),Doja Cat,1,2022,5,6,4576,0,448500832,79,13,93,0,17,160,G#,Minor,80,74,60,8,0,14,26
Born Singer,BTS,1,2022,6,10,279,0,79095270,0,18,6,0,0,158,G#,Minor,60,68,84,4,0,24,11
Little Freak,Harry Styles,1,2022,5,20,2302,0,273194684,20,3,39,0,0,142,D#,Major,56,40,54,72,0,10,4
Satellite,Harry Styles,1,2022,5,20,3291,5,311482393,43,28,79,0,208,139,,Major,58,30,46,14,0,9,3
Pass The Dutchie,Musical Youth,1,1982,1,1,5328,0,195918494,54,76,900,0,0,151,G,Major,73,88,67,20,0,32,5
Love Of My Life,Harry Styles,1,2022,5,20,1933,0,233671263,13,2,31,0,0,118,G,Major,56,20,54,67,0,6,5
Grapejuice,Harry Styles,1,2022,5,20,1986,0,199587884,7,1,15,0,0,183,F,Major,65,88,72,36,14,20,3
So Good,Halsey,1,2022,6,9,1057,0,91781263,51,14,19,0,0,83,D#,Minor,63,29,62,4,0,18,4
Keep Driving,Harry Styles,1,2022,5,20,2094,1,236060709,8,1,18,0,0,165,A,Major,72,90,48,32,0,18,23
Cinema,Harry Styles,1,2022,5,20,2171,0,189236868,18,1,28,0,0,106,A,Minor,83,90,64,35,5,9,4
Only Love Can Hurt Like This,Paloma Faith,1,2014,1,1,5148,0,588955257,90,22,365,0,114,91,G#,Major,57,30,89,10,0,33,8
Hold My Hand,Lady Gaga,1,2022,5,3,2528,0,238350348,63,8,270,2,105,148,G,Major,51,21,63,5,0,41,3
Daydreaming,Harry Styles,1,2022,5,20,1900,1,187703102,15,1,23,0,0,114,E,Minor,71,90,81,31,2,13,3
Me and Your Mama,Childish Gambino,1,2016,11,10,8775,0,445590495,33,60,107,1,0,118,F,Major,56,25,45,1,3,7,3
SLOW DANCING IN THE DARK,Joji,1,2018,9,12,10211,0,1122364376,38,79,65,0,1,89,D#,Major,52,28,48,54,1,19,3
Antes de Perderte,Duki,1,2022,6,2,584,8,157136970,12,1,8,0,1,110,F,Minor,81,61,93,49,0,12,11
Boyfriends,Harry Styles,1,2022,5,20,1517,0,137070925,26,2,30,0,0,118,,Major,42,32,20,94,0,11,4
295,Sidhu Moose Wala,1,2021,5,15,246,4,183273246,4,106,0,0,7,90,B,Minor,68,54,76,21,0,11,20
Tak Ingin Usai,Keisya Levronka,1,2022,5,13,220,4,184807630,16,5,0,0,6,130,,Major,49,14,40,82,0,11,3
En El Radio Un Cochinero,Victor Cibrian,1,2022,5,13,514,0,164856284,5,36,1,0,0,154,F#,Minor,70,97,62,47,0,10,4
Master of Puppets (Remastered),Metallica,1,1986,3,3,6080,0,704171068,112,198,406,1,0,105,E,Minor,54,59,83,0,44,20,4
Massive,Drake,1,2022,6,17,5263,0,195628667,66,89,61,0,11,125,E,Minor,51,5,68,12,2,15,6
Betty (Get Money),Yung Gravy,1,2022,6,10,2402,0,221752937,45,2,26,0,1,102,C#,Major,73,62,75,0,0,34,8
Ojos Marrones,Lasso,1,2022,2,6,795,11,263280370,26,18,15,1,4,120,G#,Minor,81,72,65,4,0,14,4
POP!,Nayeon,1,2022,6,24,571,0,213505179,19,21,14,0,2,97,D,Major,80,36,86,4,0,3,5
MORE,j-hope,1,2022,7,1,565,0,155795783,6,52,11,0,0,97,D,Major,78,31,72,1,0,11,4
Last Last,Burna Boy,1,2022,5,12,4526,12,293466523,156,275,150,3,128,88,D#,Minor,80,55,56,13,0,8,9
SNAP,Rosa Linn,1,2022,3,19,1818,0,711366595,3,0,63,0,353,170,,Major,56,52,64,11,0,45,7
Sticky,Drake,1,2022,6,17,2814,0,191448892,38,105,25,0,2,137,A#,Minor,88,8,49,9,0,9,14
die first,Nessa Barrett,1,2022,6,24,767,0,131746175,25,0,22,0,0,183,G#,Minor,44,44,67,7,0,12,13
Afraid To Feel,LF System,1,2022,5,2,5898,5,244790012,129,55,128,0,101,128,C#,Major,58,68,91,2,0,27,11
Caile,Luar La L,1,2020,12,18,1494,2,273914335,17,12,15,0,0,122,,Major,70,46,76,30,0,9,45
GIVENCHY,Duki,1,2022,7,20,625,4,185236961,13,18,12,0,0,103,G#,Major,61,38,62,14,0,23,40
Mary On A Cross,Ghost,1,2019,9,13,2668,2,387080183,38,266,78,0,141,130,B,Major,47,56,90,0,0,10,4
Attention,NewJeans,1,2022,8,1,799,12,264717480,14,141,9,0,1,105,A#,Minor,81,70,65,24,0,8,4
THE SHADE,Rex Orange County,1,2022,3,11,1189,6,244928911,17,10,16,0,4,120,F,Major,90,73,51,39,0,9,6
Forget Me,Lewis Capaldi,1,2022,9,9,2520,4,239411309,93,95,84,9,202,102,C#,Minor,67,72,74,30,0,36,4
After LIKE,IVE,1,2022,8,22,767,12,265548837,20,129,11,0,12,125,,Major,68,80,92,10,0,9,12
Bound 2,Kanye West,1,2013,1,1,19806,7,703301727,33,11,274,0,0,149,C#,Major,37,28,66,14,0,9,5
Talk that Talk,TWICE,1,2022,8,26,615,0,189476119,14,77,15,1,2,120,D#,Minor,77,78,91,14,0,33,12
BILLIE EILISH.,Armani White,1,2022,1,20,2537,0,277132266,49,1,67,11,1,100,C#,Major,90,75,50,11,0,9,26
Ferxxo 100,Feid,1,2022,6,3,1647,30,278920007,20,49,23,2,2,164,G#,Minor,70,58,57,25,0,15,7
KU LO SA - A COLORS SHOW,Oxlade,1,2022,6,10,2019,8,222410722,117,72,107,1,7,93,A#,Minor,65,79,66,31,0,22,7
Prohibidox,Feid,1,2022,9,13,1473,12,185392587,25,36,25,1,0,180,C#,Minor,65,52,80,5,0,6,25
Static,Steve Lacy,1,2022,7,15,1613,0,202452860,21,15,13,0,0,79,C#,Major,34,22,31,43,63,10,7
Sparks,Coldplay,1,2000,7,10,10826,4,624101957,24,0,805,0,0,103,C#,Major,37,17,27,75,5,10,3
Talk,YEAT,1,2022,9,2,920,0,148461629,10,1,8,0,0,140,E,Minor,70,26,76,8,0,54,23
Selfish,PnB Rock,1,2016,6,23,2468,0,380319238,15,0,0,0,0,102,C#,Minor,64,4,60,11,0,19,4
Lady Mi Amor,Feid,1,2022,9,13,330,0,53987404,3,0,2,0,0,93,D,Major,78,75,62,6,0,15,6
Poland,Lil Yachty,1,2022,6,23,1584,0,115331792,38,0,24,0,0,150,F,Minor,70,26,56,14,83,11,5
Nxde,(G)I-DLE,1,2022,10,17,430,6,170709584,14,116,9,0,11,136,E,Minor,73,65,91,4,0,48,18
Miss You,Southstar,1,1982,5,16,2020,0,154356956,77,10,119,0,40,145,A,Major,66,24,58,17,0,19,5
we fell in love in october,girl in red,1,2018,11,21,6858,0,723043854,31,21,15,0,4,130,G,Major,57,24,37,11,18,16,3
2 Be Loved (Am I Ready),Lizzo,1,2022,7,14,3682,6,247689123,41,0,158,2,68,156,G,Major,72,92,77,9,0,8,11
Celestial,Ed Sheeran,1,2022,9,29,1639,0,176474912,86,14,80,0,37,123,D,Major,57,50,85,5,0,16,4
Typa Girl,BLACKPINK,1,2022,9,16,452,10,235549288,2,129,13,0,1,132,G,Major,92,53,62,7,0,63,10
California Breeze,Lil Baby,1,2022,10,14,991,0,85559365,36,38,13,0,3,162,F,Minor,74,22,67,0,0,11,46
Vigilante Shit,Taylor Swift,1,2022,10,21,1948,0,253650850,12,9,16,0,0,80,E,Minor,80,16,28,17,0,12,39
Question...?,Taylor Swift,1,2022,10,21,1608,0,223064273,10,3,12,0,0,109,G,Major,75,11,50,20,0,30,17
Mastermind,Taylor Swift,1,2022,10,21,1936,0,218320587,7,5,13,0,0,126,E,Major,66,12,35,55,0,9,14
Labyrinth,Taylor Swift,1,2022,10,21,1597,0,187339835,6,3,15,0,0,110,,Major,48,15,31,80,22,12,4
Sweet Nothing,Taylor Swift,1,2022,10,21,1747,0,186104310,9,6,13,0,2,177,,Major,34,39,16,97,0,12,5
The Astronaut,Jin,1,2022,10,28,481,9,203436468,10,100,15,1,27,125,F,Major,54,22,76,0,0,14,3
BackOutsideBoyz,Drake,1,2022,11,4,1045,0,93367537,8,5,2,0,0,142,F,Minor,85,40,43,4,0,39,32
The Great War,Taylor Swift,1,2022,10,21,1274,0,181382590,1,6,11,0,0,96,F,Major,57,55,74,22,0,8,4
My Mind & Me,Selena Gomez,1,2022,11,3,953,0,91473363,61,13,37,1,0,144,A,Major,60,24,39,57,0,8,3
Bigger Than The Whole Sky,Taylor Swift,1,2022,10,21,1180,0,121871870,4,0,8,0,0,166,F#,Major,42,7,24,83,1,12,6
Alone,Burna Boy,1,2022,11,4,782,2,96007391,27,18,32,1,0,90,E,Minor,61,32,67,15,0,11,5